"CONTRACT SYMBOL","FTD","LTD","FND","LND","FDD","LDD","FSD","OPTIONS FTD","OPTIONS LTD"
"=""Jan23""","","","","","","","","12/15/2021","12/15/2022",
"=""Feb23""","","","","","","","","12/15/2021","01/17/2023",
"=""Mar23""","","","","","","","","12/15/2021","02/15/2023",
"=""Apr23""","","","","","","","","12/15/2021","03/16/2023",
"=""May23""","","","","","","","","12/15/2021","04/17/2023",
"=""Jun23""","","","","","","","","12/15/2021","05/17/2023",
"=""Jul23""","","","","","","","","12/15/2021","06/14/2023",
"=""Aug23""","","","","","","","","12/15/2021","07/17/2023",
"=""Sep23""","","","","","","","","12/15/2021","08/17/2023",
"=""Oct23""","","","","","","","","12/15/2021","09/15/2023",
"=""Nov23""","","","","","","","","12/15/2021","10/17/2023",
"=""Dec23""","","","","","","","","12/15/2021","11/15/2023",
